"filename", "language", "JavaScript", "PHP", "HTML", "CSS", "SQL", "comment", "blank", "total"
"e:\SEMESTER4\PWEB\EDIN\admin\AdminCSS\buatartikel.css", "CSS", 0, 0, 0, 11, 0, 0, 1, 12
"e:\SEMESTER4\PWEB\EDIN\admin\AdminCSS\dashboard.css", "CSS", 0, 0, 0, 20, 0, 0, 2, 22
"e:\SEMESTER4\PWEB\EDIN\admin\AdminCSS\editmateri.css", "CSS", 0, 0, 0, 26, 0, 0, 5, 31
"e:\SEMESTER4\PWEB\EDIN\admin\AdminCSS\home.css", "CSS", 0, 0, 0, 141, 0, 11, 32, 184
"e:\SEMESTER4\PWEB\EDIN\admin\AdminCSS\kelas.css", "CSS", 0, 0, 0, 30, 0, 0, 8, 38
"e:\SEMESTER4\PWEB\EDIN\admin\AdminCSS\materi.css", "CSS", 0, 0, 0, 33, 0, 0, 9, 42
"e:\SEMESTER4\PWEB\EDIN\admin\AdminCSS\user.css", "CSS", 0, 0, 0, 44, 0, 0, 8, 52
"e:\SEMESTER4\PWEB\EDIN\admin\artikel.php", "PHP", 0, 61, 0, 0, 0, 1, 7, 69
"e:\SEMESTER4\PWEB\EDIN\admin\babpelajaran.php", "PHP", 0, 30, 0, 0, 0, 0, 2, 32
"e:\SEMESTER4\PWEB\EDIN\admin\buatArtikel.php", "PHP", 0, 39, 0, 0, 0, 0, 6, 45
"e:\SEMESTER4\PWEB\EDIN\admin\ceklogin.php", "PHP", 0, 11, 0, 0, 0, 0, 3, 14
"e:\SEMESTER4\PWEB\EDIN\admin\dashboard.php", "PHP", 0, 61, 0, 0, 0, 0, 6, 67
"e:\SEMESTER4\PWEB\EDIN\admin\editArtikel.php", "PHP", 0, 43, 0, 0, 0, 0, 8, 51
"e:\SEMESTER4\PWEB\EDIN\admin\editmateri.php", "PHP", 0, 35, 0, 0, 0, 0, 10, 45
"e:\SEMESTER4\PWEB\EDIN\admin\forum.php", "PHP", 0, 57, 0, 0, 0, 1, 3, 61
"e:\SEMESTER4\PWEB\EDIN\admin\hapusArtikel.php", "PHP", 0, 7, 0, 0, 0, 0, 3, 10
"e:\SEMESTER4\PWEB\EDIN\admin\hapusForum.php", "PHP", 0, 7, 0, 0, 0, 0, 3, 10
"e:\SEMESTER4\PWEB\EDIN\admin\hapusKelas.php", "PHP", 0, 7, 0, 0, 0, 0, 3, 10
"e:\SEMESTER4\PWEB\EDIN\admin\hapusUser.php", "PHP", 0, 7, 0, 0, 0, 0, 3, 10
"e:\SEMESTER4\PWEB\EDIN\admin\kelas.php", "PHP", 0, 58, 0, 0, 0, 1, 3, 62
"e:\SEMESTER4\PWEB\EDIN\admin\materi.php", "PHP", 0, 31, 0, 0, 0, 0, 3, 34
"e:\SEMESTER4\PWEB\EDIN\admin\nav.php", "PHP", 0, 30, 0, 0, 0, 2, 6, 38
"e:\SEMESTER4\PWEB\EDIN\admin\pelajaran.php", "PHP", 0, 30, 0, 0, 0, 0, 2, 32
"e:\SEMESTER4\PWEB\EDIN\admin\user.php", "PHP", 0, 58, 0, 0, 0, 1, 3, 62
"e:\SEMESTER4\PWEB\EDIN\buatAkun.php", "PHP", 0, 74, 0, 0, 0, 0, 12, 86
"e:\SEMESTER4\PWEB\EDIN\ceklogin.php", "PHP", 0, 11, 0, 0, 0, 0, 3, 14
"e:\SEMESTER4\PWEB\EDIN\css\animation.css", "CSS", 0, 0, 0, 20, 0, 1, 5, 26
"e:\SEMESTER4\PWEB\EDIN\css\artikel.css", "CSS", 0, 0, 0, 86, 0, 3, 13, 102
"e:\SEMESTER4\PWEB\EDIN\css\bootsrap\bootstrap-glyphicons.css", "CSS", 0, 0, 0, 803, 0, 5, 2, 810
"e:\SEMESTER4\PWEB\EDIN\css\bootsrap\bootstrap-glyphicons.min.css", "CSS", 0, 0, 0, 1, 0, 5, 0, 6
"e:\SEMESTER4\PWEB\EDIN\css\bootsrap\bootstrap-grid.css", "CSS", 0, 0, 0, 3659, 0, 7, 206, 3872
"e:\SEMESTER4\PWEB\EDIN\css\bootsrap\bootstrap-grid.min.css", "CSS", 0, 0, 0, 1, 0, 6, 0, 7
"e:\SEMESTER4\PWEB\EDIN\css\bootsrap\bootstrap-reboot.css", "CSS", 0, 0, 0, 262, 0, 8, 55, 325
"e:\SEMESTER4\PWEB\EDIN\css\bootsrap\bootstrap-reboot.min.css", "CSS", 0, 0, 0, 1, 0, 7, 0, 8
"e:\SEMESTER4\PWEB\EDIN\css\bootsrap\bootstrap.css", "CSS", 0, 0, 0, 9084, 0, 7, 1207, 10298
"e:\SEMESTER4\PWEB\EDIN\css\bootsrap\bootstrap.min.css", "CSS", 0, 0, 0, 1, 0, 6, 0, 7
"e:\SEMESTER4\PWEB\EDIN\css\bootsrap\style.css", "CSS", 0, 0, 0, 52, 0, 0, 15, 67
"e:\SEMESTER4\PWEB\EDIN\css\cadanganheader.php", "PHP", 0, 61, 0, 0, 0, 0, 4, 65
"e:\SEMESTER4\PWEB\EDIN\css\footer.css", "CSS", 0, 0, 0, 57, 0, 3, 7, 67
"e:\SEMESTER4\PWEB\EDIN\css\forum.css", "CSS", 0, 0, 0, 115, 0, 4, 24, 143
"e:\SEMESTER4\PWEB\EDIN\css\header.css", "CSS", 0, 0, 0, 162, 0, 12, 34, 208
"e:\SEMESTER4\PWEB\EDIN\css\index.css", "CSS", 0, 0, 0, 144, 0, 21, 32, 197
"e:\SEMESTER4\PWEB\EDIN\css\insidekelas.css", "CSS", 0, 0, 0, 189, 0, 12, 31, 232
"e:\SEMESTER4\PWEB\EDIN\css\kelas.css", "CSS", 0, 0, 0, 159, 0, 7, 25, 191
"e:\SEMESTER4\PWEB\EDIN\css\login.css", "CSS", 0, 0, 0, 114, 0, 0, 24, 138
"e:\SEMESTER4\PWEB\EDIN\css\memberkelas.css", "CSS", 0, 0, 0, 173, 0, 26, 27, 226
"e:\SEMESTER4\PWEB\EDIN\css\mtr.css", "CSS", 0, 0, 0, 96, 0, 14, 20, 130
"e:\SEMESTER4\PWEB\EDIN\css\ownerkelas.css", "CSS", 0, 0, 0, 209, 0, 13, 35, 257
"e:\SEMESTER4\PWEB\EDIN\css\profile.css", "CSS", 0, 0, 0, 75, 0, 9, 18, 102
"e:\SEMESTER4\PWEB\EDIN\css\readartikel.css", "CSS", 0, 0, 0, 30, 0, 0, 5, 35
"e:\SEMESTER4\PWEB\EDIN\css\readforum.css", "CSS", 0, 0, 0, 115, 0, 5, 25, 145
"e:\SEMESTER4\PWEB\EDIN\css\readmateri.css", "CSS", 0, 0, 0, 37, 0, 0, 7, 44
"e:\SEMESTER4\PWEB\EDIN\css\registrasi.css", "CSS", 0, 0, 0, 119, 0, 0, 26, 145
"e:\SEMESTER4\PWEB\EDIN\css\reset.css", "CSS", 0, 0, 0, 42, 0, 5, 1, 48
"e:\SEMESTER4\PWEB\EDIN\css\submittedtask.css", "CSS", 0, 0, 0, 33, 0, 0, 4, 37
"e:\SEMESTER4\PWEB\EDIN\edin.sql", "SQL", 0, 0, 0, 0, 207, 188, 98, 493
"e:\SEMESTER4\PWEB\EDIN\footer.php", "PHP", 0, 42, 0, 0, 0, 0, 2, 44
"e:\SEMESTER4\PWEB\EDIN\function.php", "PHP", 0, 291, 0, 0, 0, 45, 81, 417
"e:\SEMESTER4\PWEB\EDIN\hapusAkun.php", "PHP", 0, 6, 0, 0, 0, 0, 1, 7
"e:\SEMESTER4\PWEB\EDIN\header.php", "PHP", 0, 95, 0, 0, 0, 16, 19, 130
"e:\SEMESTER4\PWEB\EDIN\index.php", "PHP", 0, 55, 0, 0, 0, 1, 8, 64
"e:\SEMESTER4\PWEB\EDIN\js\alert.js", "JavaScript", 2, 0, 0, 0, 0, 1, 1, 4
"e:\SEMESTER4\PWEB\EDIN\js\kelas.js", "JavaScript", 14, 0, 0, 0, 0, 1, 5, 20
"e:\SEMESTER4\PWEB\EDIN\js\komentar.js", "JavaScript", 9, 0, 0, 0, 0, 2, 2, 13
"e:\SEMESTER4\PWEB\EDIN\js\login.js", "JavaScript", 14, 0, 0, 0, 0, 1, 11, 26
"e:\SEMESTER4\PWEB\EDIN\js\logut.js", "JavaScript", 18, 0, 0, 0, 0, 23, 6, 47
"e:\SEMESTER4\PWEB\EDIN\js\materi.js", "JavaScript", 65, 0, 0, 0, 0, 13, 2, 80
"e:\SEMESTER4\PWEB\EDIN\js\profile.js", "JavaScript", 0, 0, 0, 0, 0, 0, 1, 1
"e:\SEMESTER4\PWEB\EDIN\js\readmateri.js", "JavaScript", 14, 0, 0, 0, 0, 9, 8, 31
"e:\SEMESTER4\PWEB\EDIN\login.php", "PHP", 0, 48, 0, 0, 0, 0, 8, 56
"e:\SEMESTER4\PWEB\EDIN\logout.php", "PHP", 0, 9, 0, 0, 0, 0, 4, 13
"e:\SEMESTER4\PWEB\EDIN\profile.php", "PHP", 0, 125, 0, 0, 0, 1, 10, 136
"e:\SEMESTER4\PWEB\EDIN\user\artikel.php", "PHP", 0, 53, 0, 0, 0, 1, 10, 64
"e:\SEMESTER4\PWEB\EDIN\user\buatAkun.html", "HTML", 0, 0, 51, 0, 0, 0, 6, 57
"e:\SEMESTER4\PWEB\EDIN\user\ceklogin.php", "PHP", 0, 11, 0, 0, 0, 0, 3, 14
"e:\SEMESTER4\PWEB\EDIN\user\download.php", "PHP", 0, 33, 0, 0, 0, 0, 5, 38
"e:\SEMESTER4\PWEB\EDIN\user\footer.php", "PHP", 0, 53, 0, 0, 0, 0, 4, 57
"e:\SEMESTER4\PWEB\EDIN\user\forum.php", "PHP", 0, 60, 0, 0, 0, 1, 13, 74
"e:\SEMESTER4\PWEB\EDIN\user\hapusKelas.php", "PHP", 0, 22, 0, 0, 0, 0, 2, 24
"e:\SEMESTER4\PWEB\EDIN\user\insidekelas.php", "PHP", 0, 85, 0, 0, 0, 0, 17, 102
"e:\SEMESTER4\PWEB\EDIN\user\kelas.php", "PHP", 0, 81, 0, 0, 0, 0, 11, 92
"e:\SEMESTER4\PWEB\EDIN\user\materi.php", "PHP", 0, 64, 0, 0, 0, 0, 6, 70
"e:\SEMESTER4\PWEB\EDIN\user\memberkelas.php", "PHP", 0, 123, 0, 0, 0, 0, 11, 134
"e:\SEMESTER4\PWEB\EDIN\user\ownerkelas.php", "PHP", 0, 98, 0, 0, 0, 0, 15, 113
"e:\SEMESTER4\PWEB\EDIN\user\readMateri.php", "PHP", 0, 48, 0, 0, 0, 0, 10, 58
"e:\SEMESTER4\PWEB\EDIN\user\readartikel.php", "PHP", 0, 30, 0, 0, 0, 0, 5, 35
"e:\SEMESTER4\PWEB\EDIN\user\readforum.php", "PHP", 0, 83, 0, 0, 0, 1, 13, 97
"e:\SEMESTER4\PWEB\EDIN\user\submittedTask.php", "PHP", 0, 57, 0, 0, 0, 0, 10, 67
"e:\SEMESTER4\PWEB\EDIN\user\typing.php", "PHP", 0, 13, 0, 0, 0, 0, 4, 17
"Total", "-", 136, 2303, 51, 16144, 207, 507, 2418, 21766